{"schemaVersion":"1.0","appDefinitionTemplate":{"id":"/providers/Microsoft.PowerApps/apps/","type":"Microsoft.PowerApps/apps","tags":{"primaryDeviceWidth":"1366","primaryDeviceHeight":"768","supportsPortrait":"true","supportsLandscape":"true","primaryFormFactor":"Tablet","showStatusBar":"false","publisherVersion":"3.24061.22","minimumRequiredApiVersion":"2.2.0","hasComponent":"true","hasUnlockedComponent":"true","isUnifiedRootApp":"false","offlineLargeFilesSupport":"false","sienaVersion":"20240618T085306Z-3.24061.22.0"},"properties":{"appVersion":"2024-06-18T08:53:06Z","lifeCycleId":"Published","createdByClientVersion":{"major":3,"minor":24061,"build":22,"revision":0,"majorRevision":0,"minorRevision":0},"minClientVersion":{"major":3,"minor":24061,"build":22,"revision":0,"majorRevision":0,"minorRevision":0},"backgroundColor":"RGBA(0,176,240,1)","backgroundImageUri":"/12360740165860934637/N2e5dcd35-3a73-435d-85be-1a154ad6a420-logoSmallFile","displayName":"DSAO_UAT - copy","description":"","commitMessage":"","appUris":{"documentUri":{"value":"/12360740165860934637/N69a2c350-55b7-4f25-a4e3-f66d36afc974-document.msapp"},"imageUris":[],"additionalUris":[{"isSolutionAware":false,"value":"/12360740165860934637/N7a8f6bf7-7d18-4d75-8edc-06de631141f2-identity.json"}]},"createdTime":"0001-01-01T00:00:00Z","lastModifiedTime":"0001-01-01T00:00:00Z","sharedGroupsCount":0,"sharedUsersCount":0,"connectionReferences":{"a2f6d4a0-c1f5-487b-bf35-93ab792642b0":{"id":"dd03a754-ac72-461c-9f06-be495551e599","displayName":"SharePoint","iconUri":"https://connectoricons-prod.azureedge.net/releases/v1.0.1694/1.0.1694.3752/sharepointonline/icon.png","dataSources":["DSAO_UAT","FA_M_Employee","DSAO_SystemOwner_List","DSAO_SystemName_List","DSAO_Manager_List","DSAO_DevOps_List","DSAO_Requestor_List"],"dependencies":[],"dependents":[],"parameterHints":{},"parameterHintsV2":{},"isOnPremiseConnection":false,"bypassConsent":false,"dataSets":{"https://ykgwoffice.sharepoint.com/sites/YEA-FA-System-UAT/FA-System-UAT":{"dataSources":{"DSAO_UAT":{"tableName":"847ae93b-5ff8-41a4-9f67-5aac6ad45f69"},"FA_M_Employee":{"tableName":"7787f374-c841-42be-9b66-e6a28c581e74"},"DSAO_SystemOwner_List":{"tableName":"57f32d1f-c86d-4ff5-bad7-92551e4681c8"},"DSAO_SystemName_List":{"tableName":"b79568f3-7da1-44e6-ab05-118d77f27e44"},"DSAO_Manager_List":{"tableName":"81598e2e-2405-4b0b-9bce-b124dc924880"},"DSAO_DevOps_List":{"tableName":"391333d4-490c-48d7-a6c2-93474aed8a38"},"DSAO_Requestor_List":{"tableName":"558af7e2-1423-431d-95c8-ec04da72baa2"}}}},"apiTier":"Standard","isCustomApiConnection":false,"actions":["providers/PowerPlatform.Governance/Operations/Read","providers/PowerPlatform.Governance/Operations/Write","providers/PowerPlatform.Governance/Operations/Delete"]}},"databaseReferences":{},"almMode":"Environment","performanceOptimizationEnabled":true,"canConsumeAppPass":true,"enableModernRuntimeMode":false,"executionRestrictions":{"isTeamsOnly":false,"dataLossPreventionEvaluationResult":{"status":"Compliant","lastEvaluationDate":"2024-06-17T12:03:49.7076121Z","violations":[],"violationsByPolicy":[],"violationErrorMessage":"The app uses the following connectors: shared_sharepointonline, shared_logicflows, shared_office365."},"httpActionRestriction":{"appUsesSharepointHttpAction":false,"enforcementStrategy":"Legacy","evaluationTime":"2024-06-17T12:03:49.7074041Z"}}},"appType":"ClassicCanvasApp","appComponents":[]}}